strategy,verdict,n_windows,mean_CAGR,median_CAGR,std_CAGR,min_CAGR,max_CAGR,P05_CAGR,P25_CAGR,P75_CAGR,P95_CAGR,WFA_CI95_lo,WFA_CI95_hi,t_stat,t_pvalue,mean_Sharpe,std_Sharpe,mean_CAGR_IS,mean_CAGR_postIS,WFA_WFE,n_windows_IS,n_windows_postIS,mean_Trades_yr,crit_alpha,crit_beta
REF-E4,PASS,49,0.417431,0.396494,0.530362,-0.404136,1.739548,-0.297793,-0.069786,0.808450,1.372811,0.265093,0.569769,5.509477,0.000001,0.866975,1.149048,0.413026,0.466993,1.130664,45,4,27.774340,True,True
vz065-lmax5,PASS,49,0.371309,0.346232,0.428648,-0.344661,1.241543,-0.255937,-0.005754,0.671686,1.096920,0.248187,0.494431,6.063627,0.000000,0.938875,1.137336,0.363237,0.462121,1.272231,45,4,27.774340,True,True
vz065-lmax5p5,PASS,49,0.387200,0.362156,0.453014,-0.367846,1.296668,-0.267645,-0.010314,0.721736,1.167453,0.257079,0.517321,5.983036,0.000000,0.921164,1.134712,0.379248,0.476659,1.256851,45,4,27.774340,True,True
vz065-lmax6,PASS,49,0.400554,0.372513,0.478621,-0.379972,1.423226,-0.279570,-0.033561,0.776891,1.211842,0.263078,0.538030,5.858251,0.000000,0.903736,1.132559,0.392722,0.488669,1.244314,45,4,27.774340,True,True
vz065-lmax7,PASS,49,0.421865,0.385169,0.530469,-0.402749,1.693722,-0.300837,-0.064267,0.784871,1.381230,0.269497,0.574234,5.566876,0.000001,0.874721,1.127356,0.414082,0.509425,1.230252,45,4,27.774340,True,True
