name,CAGR_OOS_raw,CAGR_OOS_net,Sharpe_OOS,MaxDD_FULL,Worst10Y_star_raw,Worst10Y_star_net,P10_5Y_raw,P10_5Y_net,IS_OOS_gap,Trades_yr,WFA_WFE,WFA_CI95_lo_raw,WFA_CI95_lo_net
[Legacy] S2_VZGated + LT2-N750 k=0.5 modeB ‡,0.31158,0.20598115400000003,0.8577,-0.6145,0.18097,0.097927501,0.09356,0.025613208000000002,0.00176,27.12,1.145,0.257,0.16082712000000002
[Legacy] S2_VZGated 単独 ‡ ⚠↑↑,0.27505,0.17575988500000003,0.7704,-0.6537000000000001,0.17739,0.094965767,0.07316,0.008736288000000002,0.06043,27.12,0.83,0.281,0.18068232000000004
[Legacy] DH Dyn 2x3x [A] ‡ ⚠↑↑,0.1488,0.11764205999999999,0.646,-0.4508,0.143,0.11284372,0.096,0.07396062,0.0848,27.12,0.687,0.182,0.14510842000000002
[Legacy] Ens2(Asym+Slope) max_lev=1.0 ‡§ ⚠↑↑,0.1257,0.10399161000000001,0.479,-0.4899,0.0984,0.08140632,,,0.1,0.7,,,
NDX 1x Buy & Hold 🅑,0.10105941065189739,0.08360645043231471,0.5405998420610171,-0.7793238629207804,-0.05673386992787077,-0.046935930591327495,0.007052344127928121,0.0058344042970349345,0.010241343046303308,0.0,1.085,0.074,0.0612202
