Strategy,CAGR_OOS_raw,CAGR_OOS_after_cost,CAGR_OOS_net,Sharpe_OOS,MaxDD_FULL,Worst10Y_star_net,P10_5Y_net,IS_OOS_gap,Trades_yr,WFA_WFE,WFA_CI95_lo
[Legacy] S2_VZGated + LT2-N750 k=0.5 modeB ‡,0.311578,0.255578,0.20597949940000004,0.857711,-0.614515,0.11734907373542679,0.058033205808309965,0.00176,27.115499,1.0,0.16
[Legacy] S2_VZGated 単独 ‡,0.275052,0.21905200000000002,0.17576153960000004,0.770446,-0.653666,0.11141429608599393,0.04273963719477626,0.060434,27.115499,,
[Legacy] DH Dyn 2x3x [A] ‡,0.225,0.17,0.13518082,0.993,-0.5,0.06954835333333334,0.04454550888888889,0.04,27.12,,
[Legacy] Ens2(Asym+Slope) max_lev=1.0 ‡,0.2858,0.2578,0.20781776,1.031,-0.5017,0.09155217899230232,0.04677724407277818,0.02,0.5740528128587831,,
NDX 1x Buy & Hold 🅑,0.10105941065189739,0.10105941065189739,0.08360645043231471,0.5405998420610171,-0.7793238629207804,-0.046935930591327495,0.0058344042970349345,0.010241343046303308,0.0,,
