Strategy,WFA_CI95_lo_pct,WFA_CI95_hi_pct,WFA_WFE,t_stat,p_value,Trades_yr
DH Dyn 2x3x [A] (REF),17.538960,35.536110,0.662122,5.929527,0.000000,27.774340
"DH-W1 (Asymm+Hyst, DH base)",13.948653,28.819162,0.996796,5.782617,0.000000,17.818353
