spread_label,spread_pct,strategy,strategy_label,CAGR_IS,CAGR_OOS,Sharpe_OOS,MaxDD_FULL,Worst10Y_star,P10_5Y,IS_OOS_gap,Trades_yr,WFA_CI95_lo,WFA_WFE
Baseline,0.002000,E4,E4 (現行 Active),0.317175,0.335301,0.891459,-0.600102,0.186679,0.097830,-0.018127,27.115499,,
Baseline,0.002000,F10-eps015,F10 (E4 + F8-R5 tilt + ε=0.015),0.325370,0.368445,0.934500,-0.630874,0.185841,0.102703,-0.043075,51.600000,,
Baseline,0.002000,vz065_lmax5,vz_thr=0.65 + l_max=5.0,0.295754,0.334871,0.949320,-0.518185,0.183265,0.118670,-0.039117,27.115499,,
Stress_1.5x,0.003000,E4,E4 (現行 Active),0.314827,0.333177,0.887751,-0.600578,0.184423,0.095439,-0.018350,27.115499,,
Stress_1.5x,0.003000,F10-eps015,F10 (E4 + F8-R5 tilt + ε=0.015),0.322873,0.366168,0.930730,-0.631783,0.183402,0.100389,-0.043295,51.600000,,
Stress_1.5x,0.003000,vz065_lmax5,vz_thr=0.65 + l_max=5.0,0.294035,0.333055,0.945756,-0.518610,0.181684,0.116792,-0.039020,27.115499,,
