mode,signal_id,signal_name,asset,base_cagr,cand_cagr,base_sharpe,cand_sharpe,base_maxdd,cand_maxdd,pareto_pass,improved_axes,degraded_axes,g3_ci95_lo,g3_wfe,g7_p,g9_p,hard_pass,hard_failures
overlay,28,10Y real yield,IEF,0.021816959853086182,0.016480678329933163,0.35545410061874877,0.41262041343462424,-0.23924767037802186,-0.1154914713402676,True,sharpe|maxdd,,0.21999229131500841,1.567033322137057,0.352,0.628,False,G7: P(cand>bench)=0.352|G9: p=0.628
overlay,41,DXY,GLD,0.09929577918538568,0.11938706117900488,0.6633414445670068,0.7449752398428997,-0.44442094130089993,-0.3237171785058862,True,cagr|sharpe|maxdd,,0.1718897396850776,0.9013996720110632,0.818,0.382,False,"G3: ci95_lo=0.172, wfe=0.901|G7: P(cand>bench)=0.818|G9: p=0.382"
