label,boost_map,lev_scale,fbar,brake_MaxDD,twin_MaxDD,brake_CAGR_OOS,twin_CAGR_OOS,maxdd_brake_minus_twin_pp,cagr_brake_minus_twin_pp
B1_DEF_S1.0,default,1.0,0.013423467069360198,-0.2868420182474304,-0.34659888411711715,0.17209382220184605,0.17579653284220448,5.975686586968676,-0.3702710640358431
B1_DEF_S1.4,default,1.4,0.07409471393556002,-0.37169603367597115,-0.4166830528794031,0.20269829959496766,0.20561893483109683,4.498701920343196,-0.29206352361291765
B1_DEF_S1.6,default,1.6,0.11629626744275946,-0.38366757007422936,-0.4417933827277969,0.2107022255660387,0.2150235203723472,5.812581265356753,-0.43212948063084955
B1_DEF_S1.8,default,1.8,0.15778828352640542,-0.4075789114358156,-0.46294189805776187,0.21986345485482828,0.22239013400377108,5.5362986621946275,-0.25266791489428064
B1_DEF_S2.0,default,2.0,0.19826602645104024,-0.4380112412324447,-0.48060211989199575,0.22343167697444868,0.2280799544449811,4.259087865955102,-0.4648277470532425
B1_STR_S1.4,strong,1.4,0.11057938181123576,-0.39194731900471,-0.4183833190485585,0.20745915856117572,0.2236610991357868,2.6436000043848495,-1.620194057461108
B1_STR_S1.6,strong,1.6,0.15951025977488023,-0.42619911620657536,-0.44754242710710945,0.223027034164465,0.23269674896211323,2.1343310900534096,-0.9669714797648221
B1_STR_S1.8,strong,1.8,0.20677715479530553,-0.4515530589651977,-0.4710053063394892,0.23237803464856105,0.2394926151909947,1.945224737429152,-0.7114580542433663
B1_STR_S2.0,strong,2.0,0.2501663348721318,-0.47076566763718364,-0.49079275491600594,0.24067776569804983,0.2448988014589223,2.0027087278822298,-0.422103576087246
